subject_name,course_name,absolute_course_url
Mathematics Courses,Differential Equations for Engineers,https://www.classcentral.com/course/differential-equations-engineers-13258
Mathematics Courses,Fibonacci Numbers and the Golden Ratio,https://www.classcentral.com/course/fibonacci-6684
Mathematics Courses,Matrix Algebra for Engineers,https://www.classcentral.com/course/matrix-algebra-engineers-11986
Mathematics Courses,Vector Calculus for Engineers,https://www.classcentral.com/course/vector-calculus-engineers-17387
Mathematics Courses,Mathematical Economics,https://www.classcentral.com/course/swayam-mathematical-economics-14187
Mathematics Courses,Estadística Aplicada a los Negocios,https://www.classcentral.com/course/edx-estadistica-aplicada-a-los-negocios-10270
Mathematics Courses,Introduction to Dynamical Systems and Chaos,https://www.classcentral.com/course/complexity-explorer-introduction-to-dynamical-systems-and-chaos-1182
Mathematics Courses,Introduction to Mathematical Thinking,https://www.classcentral.com/course/maththink-370
Mathematics Courses,Bases Matemáticas: Números y terminología,https://www.classcentral.com/course/edx-bases-matematicas-numeros-y-terminologia-2955
Mathematics Courses,Intro to Statistics,https://www.classcentral.com/course/udacity-intro-to-statistics-361
Mathematics Courses,Fractals and Scaling,https://www.classcentral.com/course/complexity-explorer-fractals-and-scaling-3612
Mathematics Courses,Statistical Learning,https://www.classcentral.com/course/edx-statistical-learning-1579
Mathematics Courses,Probability - The Science of Uncertainty and Data,https://www.classcentral.com/course/edx-probability-the-science-of-uncertainty-and-data-1496
Mathematics Courses,Bases Matemáticas: Álgebra,https://www.classcentral.com/course/edx-bases-matematicas-algebra-2968
Mathematics Courses,"Precalculus: the Mathematics of Numbers, Functions and Equations",https://www.classcentral.com/course/precalculus-8988
Mathematics Courses,"Advanced Precalculus: Geometry, Trigonometry and Exponentials",https://www.classcentral.com/course/advanced-precalculus-9602
Mathematics Courses,How to Learn Math: For Students,https://www.classcentral.com/course/edx-how-to-learn-math-for-students-917
Mathematics Courses,Introduction to Statistics,https://www.classcentral.com/course/stanford-statistics-33479
Mathematics Courses,Introduction to Linear Models and Matrix Algebra,https://www.classcentral.com/course/edx-introduction-to-linear-models-and-matrix-algebra-2963
Mathematics Courses,Nonlinear Dynamics: Mathematical and Computational Approaches,https://www.classcentral.com/course/complexity-explorer-nonlinear-dynamics-mathematical-and-computational-approaches-1195
Mathematics Courses,Calculus: Single Variable Part 1 - Functions,https://www.classcentral.com/course/single-variable-calculus-5066
Mathematics Courses,Linear Algebra (Fall 2011),https://www.classcentral.com/course/mit-opencourseware-linear-algebra-fall-2011-40964/classroom
Mathematics Courses,Calculus: Single Variable Part 2 - Differentiation,https://www.classcentral.com/course/differentiation-calculus-5068
Mathematics Courses,Bases Matemáticas: Derivadas,https://www.classcentral.com/course/edx-bases-matematicas-derivadas-2969
Mathematics Courses,Calculus: Single Variable Part 3 - Integration,https://www.classcentral.com/course/integration-calculus-5069
Mathematics Courses,Calculus: Single Variable Part 4 - Applications,https://www.classcentral.com/course/applications-calculus-5070
Mathematics Courses,Convex Optimization,https://www.classcentral.com/course/edx-convex-optimization-1577
Mathematics Courses,Fat Chance: Probability from the Ground Up,https://www.classcentral.com/course/edx-fat-chance-probability-from-the-ground-up-10159
Mathematics Courses,Basic Statistics,https://www.classcentral.com/course/basic-statistics-4312
Mathematics Courses,Topics in Mathematics with Applications in Finance (Fall 2013),https://www.classcentral.com/course/mit-opencourseware-topics-in-mathematics-with-applications-in-finance-fall-2013-40967/classroom
Mathematics Courses,Statistical Inference and Modeling for High-throughput Experiments,https://www.classcentral.com/course/edx-statistical-inference-and-modeling-for-high-throughput-experiments-2967
Mathematics Courses,Introduction to Probability and Data with R,https://www.classcentral.com/course/probability-intro-6099
Mathematics Courses,Single Variable Calculus (Fall 2006),https://www.classcentral.com/course/mit-opencourseware-single-variable-calculus-fall-2006-40961/classroom
Mathematics Courses,Differential Equations (Fall 2011),https://www.classcentral.com/course/mit-opencourseware-differential-equations-fall-2011-40963/classroom
Mathematics Courses,Multivariable Calculus (Fall 2007),https://www.classcentral.com/course/mit-opencourseware-multivariable-calculus-fall-2007-40962/classroom
Mathematics Courses,Tutorials for Complex Systems,https://www.classcentral.com/course/complexity-explorer-tutorials-for-complex-systems-1194
Mathematics Courses,Probabilistic Systems Analysis and Applied Probability (Fall 2013),https://www.classcentral.com/course/mit-opencourseware-probabilistic-systems-analysis-and-applied-probability-fall-2013-40940/classroom
Mathematics Courses,Calculus Applied!,https://www.classcentral.com/course/edx-calculus-applied-8778
Mathematics Courses,Single Variable Calculus,https://www.classcentral.com/course/discrete-calculus-5067
Mathematics Courses,Analytic Combinatorics,https://www.classcentral.com/course/ac-922
Mathematics Courses,Mathematics for Computer Science (Spring 2015),https://www.classcentral.com/course/mit-opencourseware-mathematics-for-computer-science-spring-2015-40941/classroom
Mathematics Courses,Introduction to Probability,https://www.classcentral.com/course/edx-introduction-to-probability-11423
Mathematics Courses,Linear Regression and Modeling ,https://www.classcentral.com/course/linear-regression-model-6098
Mathematics Courses,Probabilistic Systems Analysis and Applied Probability (Fall 2010),https://www.classcentral.com/course/mit-opencourseware-probabilistic-systems-analysis-and-applied-probability-fall-2010-40939/classroom
Mathematics Courses,Algebra: Elementary to Advanced - Equations & Inequalities,https://www.classcentral.com/course/algebra-i-44578
Mathematics Courses,Calculus through Data & Modelling: Series and Integration,https://www.classcentral.com/course/calculus-through-data-and-modelling-series-and-in-32774
Mathematics Courses,Algebra: Elementary to Advanced - Functions & Applications,https://www.classcentral.com/course/algebra-ii-44579
Mathematics Courses,Algebra: Elementary to Advanced - Polynomials and Roots,https://www.classcentral.com/course/polynomials-roots-44577
Mathematics Courses,Calculus through Data & Modelling: Vector Calculus,https://www.classcentral.com/course/calculus-through-data-and-modelling-vector-calcul-32766
Mathematics Courses,Calculus through Data & Modelling: Techniques of Integration,https://www.classcentral.com/course/calculus-through-data-and-modelling-techniques-of-32771
Mathematics Courses,Calculus through Data & Modelling: Integration Applications,https://www.classcentral.com/course/calculus-through-data-and-modelling-integration-a-32769
Mathematics Courses,Statistics for Applications (Fall 2016),https://www.classcentral.com/course/mit-opencourseware-statistics-for-applications-fall-2016-40966/classroom
Mathematics Courses,"Matrix Methods in Data Analysis, Signal Processing, and Machine Learning (Spring 2018)",https://www.classcentral.com/course/mit-opencourseware-matrix-methods-in-data-analysis-signal-processing-and-machine-learning-spring-2018-40965/classroom
Mathematics Courses,Calculus One,https://www.classcentral.com/course/calculus1-563
Mathematics Courses,Probability and Statistics: To p or not to p?,https://www.classcentral.com/course/probability-statistics-11755
Mathematics Courses,How to Win at Texas Hold'em Poker (January IAP 2016),https://www.classcentral.com/course/mit-opencourseware-how-to-win-at-texas-hold-em-poker-january-iap-2016-40993/classroom
Mathematics Courses,Graph Theory and Additive Combinatorics (Fall 2019),https://www.classcentral.com/course/mit-opencourseware-graph-theory-and-additive-combinatorics-fall-2019-40969/classroom
Mathematics Courses,Delivery Problem,https://www.classcentral.com/course/delivery-problem-9211
Mathematics Courses,Calculus 1A: Differentiation,https://www.classcentral.com/course/edx-calculus-1a-differentiation-2647
Mathematics Courses,Fundamentals of Statistics,https://www.classcentral.com/course/edx-fundamentals-of-statistics-11482
Mathematics Courses,Inferential Statistics,https://www.classcentral.com/course/inferential-statistics-intro-13443
Mathematics Courses,Introduction to Algebra,https://www.classcentral.com/course/edx-introduction-to-algebra-2526
Mathematics Courses,Cómo Aprender Matemáticas - Para Estudiantes,https://www.classcentral.com/course/edx-como-aprender-matematicas-para-estudiantes-19072
Mathematics Courses,Introduction to Differential Equations,https://www.classcentral.com/course/edx-introduction-to-differential-equations-8005
Mathematics Courses,Semantics of First-Order Logic,https://www.classcentral.com/course/semantics-of-first-order-logic-32744
Mathematics Courses,Introduction to Probability Management,https://www.classcentral.com/course/edx-introduction-to-probability-management-21383
Mathematics Courses,Introduction to Calculus,https://www.classcentral.com/course/introduction-to-calculus-12547
Mathematics Courses,Mathematics for economists,https://www.classcentral.com/course/mathematics-for-economists-11598
Mathematics Courses,Mathematical and Computational Methods,https://www.classcentral.com/course/mathematical-and-computational-methods-27989
Mathematics Courses,Bayesian Statistics,https://www.classcentral.com/course/bayesian-6097
Mathematics Courses,Aléatoire : une introduction aux probabilités - Partie 1,https://www.classcentral.com/course/probas1-852
Mathematics Courses,Теория вероятностей для начинающих,https://www.classcentral.com/course/probability-theory-basics-4466
Mathematics Courses,Комбинаторика для начинающих,https://www.classcentral.com/course/combinatorics-basics-4477
Mathematics Courses,Business Applications of Hypothesis Testing and Confidence Interval Estimation ,https://www.classcentral.com/course/hypothesis-testing-confidence-intervals-7035
Mathematics Courses,Differential Equations: 2x2 Systems,https://www.classcentral.com/course/edx-differential-equations-2x2-systems-9098
Mathematics Courses,Pre-Calculus,https://www.classcentral.com/course/introduccion-al-calculo-4225
Mathematics Courses,Линейная алгебра (Linear Algebra),https://www.classcentral.com/course/linalg-2859
Mathematics Courses,Теория функций комплексного переменного,https://www.classcentral.com/course/kompleksnogo-peremennogo-12794
Mathematics Courses,Mathematics for computer vision,https://www.classcentral.com/course/mathematics-for-computer-vision-40848
Mathematics Courses,Математический анализ для работы с данными,https://www.classcentral.com/course/mathematics-for-big-data-23233
Mathematics Courses,Modern Regression Analysis in R,https://www.classcentral.com/course/modern-regression-analysis-in-r-40800
Mathematics Courses,Generalized Linear Models and Nonparametric Regression,https://www.classcentral.com/course/generalized-linear-models-and-nonparametric-regre-40799
Mathematics Courses,Математика для всех,https://www.classcentral.com/course/matematika-dlya-vseh-8405
Mathematics Courses,Теория графов,https://www.classcentral.com/course/graphtheory-4463
Mathematics Courses,Современная комбинаторика (Modern combinatorics),https://www.classcentral.com/course/modern-combinatorics-4478
Mathematics Courses,Случайные графы,https://www.classcentral.com/course/randomgraphs-4484
Mathematics Courses,Differential Equations: Fourier Series and Partial Differential Equations,https://www.classcentral.com/course/edx-differential-equations-fourier-series-and-partial-differential-equations-11763
Mathematics Courses,Calculus 1C: Coordinate Systems & Infinite Series,https://www.classcentral.com/course/edx-calculus-1c-coordinate-systems-infinite-series-2649
Mathematics Courses,Computational Probability and Inference,https://www.classcentral.com/course/edx-computational-probability-and-inference-6830
Mathematics Courses,Math for MBA and GMAT Prep,https://www.classcentral.com/course/math-mba-gmat-prep-34228
Mathematics Courses,Математические методы в психологии. Основы применения (Mathematical Methods in Psychology: Basics of Applying),https://www.classcentral.com/course/matematicheskiye-metody-v-psikhologii-9593
Mathematics Courses,Знакомство с R и базовая статистика,https://www.classcentral.com/course/znakomstvo-r-bazovaya-statistika-12248
Mathematics Courses,Computational Geometry,https://www.classcentral.com/course/computational-geometry-17283
Mathematics Courses,Математическая теория игр,https://www.classcentral.com/course/matematicheskaya-teoria-igr-12833
Mathematics Courses,Линейная регрессия,https://www.classcentral.com/course/lineynaya-regressiya-12356
Mathematics Courses,Линейные модели с дискретными предикторами,https://www.classcentral.com/course/lineyniye-modeli-s-diskretnimi-prediktor-12811
Mathematics Courses,Estadística y probabilidad,https://www.classcentral.com/course/estadistica-probabilidad-13773
Mathematics Courses,Mathematics for Computer Science,https://www.classcentral.com/course/mathematics-for-computer-science-12817
Mathematics Courses,Bayesian Statistics: Techniques and Models,https://www.classcentral.com/course/mcmc-bayesian-statistics-8424
Mathematics Courses,Improving your statistical inferences,https://www.classcentral.com/course/statistical-inferences-7353
Mathematics Courses,Funciones algebraicas y trascendentes ,https://www.classcentral.com/course/funciones-algebraicas-19727
Mathematics Courses,Çok değişkenli Fonksiyon I: Kavramlar / Multivariable Calculus I:  Concepts,https://www.classcentral.com/course/hesap-calculus-dersi-1412
Mathematics Courses,1.- El Cálculo - Modelo Lineal,https://www.classcentral.com/course/calculo-1-4231
Mathematics Courses,2.- El Cálculo - Modelo Cuadrático,https://www.classcentral.com/course/calculo-2-4226
Mathematics Courses,3.- El Cálculo - Modelo Cúbico,https://www.classcentral.com/course/calculo-3-4284
Mathematics Courses,4.- El Cálculo - Otros Modelos,https://www.classcentral.com/course/calculo-4-4167
Mathematics Courses,Aléatoire : une introduction aux probabilités - Partie 2,https://www.classcentral.com/course/probas2-5716
Mathematics Courses,Применение производной и интеграла в курсе общей физики,https://www.classcentral.com/course/proizvodnaya-i-integral-v-fizike-7806
Mathematics Courses,Математические методы и модели в экономике,https://www.classcentral.com/course/mathematical-methods-models-in-economics-21191
Mathematics Courses,Linear Algebra - Foundations to Frontiers,https://www.classcentral.com/course/edx-linear-algebra-foundations-to-frontiers-1337
Mathematics Courses,Aprendizaje de las matemáticas de primaria,https://www.classcentral.com/course/aprendizaje-matematicas-primaria-13414
Mathematics Courses,Fundamentos de probabilidad y aplicaciones,https://www.classcentral.com/course/probabilidad-21314
Mathematics Courses,Fundamentos de estadística aplicada,https://www.classcentral.com/course/estadistica-aplicada-fundamentos-24356
Mathematics Courses,Теория вероятностей - наука о случайности,https://www.classcentral.com/course/theory-of-chances-19478
Mathematics Courses,Differential Equations: Linear Algebra and NxN Systems of Differential Equations,https://www.classcentral.com/course/edx-differential-equations-linear-algebra-and-nxn-systems-of-differential-equations-10024
Mathematics Courses,Inferential Statistics,https://www.classcentral.com/course/inferential-statistics-13444
Mathematics Courses,Discrete Mathematics,https://www.classcentral.com/course/discrete-mathematics-8133
Mathematics Courses,离散数学,https://www.classcentral.com/course/discrete-mathematics-ch-8275
Mathematics Courses,Structural Equation Model and its Applications | 结构方程模型及其应用 (粤语),https://www.classcentral.com/course/structural-equation-model-cantonese-5947
Mathematics Courses,Estatística não-paramétrica para a tomada de decisão,https://www.classcentral.com/course/estatistica-nao-parametrica-10724
Mathematics Courses,Street-Fighting Math,https://www.classcentral.com/course/edx-street-fighting-math-1780
Mathematics Courses,Mathematical Optimization for Engineers,https://www.classcentral.com/course/mathematical-optimization-for-engineers-48151
Mathematics Courses,Qualitative Comparative Analysis (QCA),https://www.classcentral.com/course/qualitative-comparative-analysis-13464
Mathematics Courses,Introduction à la théorie de Galois,https://www.classcentral.com/course/introgalois-1298
Mathematics Courses,Doğrusal Cebir I: Uzaylar ve İşlemciler / Linear Algebra I: Spaces and Operators,https://www.classcentral.com/course/linearalgebra1-5045
Mathematics Courses,Multilevel Modeling,https://www.classcentral.com/course/mlm-45979
Mathematics Courses,Çok değişkenli Fonksiyon II: Uygulamalar / Multivariable Calculus II: Applications,https://www.classcentral.com/course/calculus-diferansiyel-hesap-4165
Mathematics Courses,"Doğrusal Cebir II: Kare Matrisler, Hesaplama Yöntemleri ve Uygulamalar / Linear Algebra II: Square Matrices, Calculation Methods and Applications",https://www.classcentral.com/course/linearalgebra2-5046
Mathematics Courses,Geometric Algorithms,https://www.classcentral.com/course/geometric-algorithms-12815
Mathematics Courses,Линейная алгебра: матрицы и отображения,https://www.classcentral.com/course/linear-algebra-matrices-45982
Mathematics Courses,Automated Reasoning: satisfiability,https://www.classcentral.com/course/automated-reasoning-sat-12009
Mathematics Courses,TSI Math Prep MOOC,https://www.classcentral.com/course/tsi-math-prep-55178
Mathematics Courses,Geometría Analítica Preuniversitaria,https://www.classcentral.com/course/geometra-analtica-preuniversitaria-21494
Mathematics Courses,Engineering Mathematics - I,https://www.classcentral.com/course/swayam-engineering-mathematics-i-13000
Mathematics Courses,Queuing Theory: from Markov Chains to Multi-Server Systems,https://www.classcentral.com/course/edx-queuing-theory-from-markov-chains-to-multi-server-systems-10079
Mathematics Courses,Numerical Methods for Engineers,https://www.classcentral.com/course/numerical-methods-engineers-32822
Mathematics Courses,Calculus 1B: Integration,https://www.classcentral.com/course/edx-calculus-1b-integration-2648
Mathematics Courses,Introduction to Renormalization,https://www.classcentral.com/course/complexity-explorer-introduction-to-renormalization-11490
Mathematics Courses,Probabilistic Graphical Models ,https://www.classcentral.com/course/probabilistic-graphical-models-18689
Mathematics Courses,BetOnMath for citizens,https://www.classcentral.com/course/polimi-open-knowledge-betonmath-for-citizens-4981
Mathematics Courses,Intro to Descriptive Statistics,https://www.classcentral.com/course/udacity-intro-to-descriptive-statistics-2309
Mathematics Courses,Transfer Functions and the Laplace Transform,https://www.classcentral.com/course/edx-transfer-functions-and-the-laplace-transform-8507
Mathematics Courses,Multivariable Calculus 1: Vectors and Derivatives,https://www.classcentral.com/course/multivariable-calculus-1-vectors-and-derivatives-40676
Mathematics Courses,Introducción a las ecuaciones diferenciales,https://www.classcentral.com/course/edx-introduccion-a-las-ecuaciones-diferenciales-11997
Mathematics Courses,Imaginary Numbers are Real,https://www.classcentral.com/course/youtube-imaginary-numbers-are-real-45679/classroom
Mathematics Courses,A Crash Course in Causality:  Inferring Causal Effects from Observational Data,https://www.classcentral.com/course/crash-course-in-causality-8425
Mathematics Courses,Introduction to Differential Equations,https://www.classcentral.com/course/complexity-explorer-introduction-to-differential-equations-11477
Mathematics Courses,Cálculo Diferencial,https://www.classcentral.com/course/edx-calculo-diferencial-4938
Mathematics Courses,Maximum Entropy Methods,https://www.classcentral.com/course/complexity-explorer-maximum-entropy-methods-11479
Mathematics Courses,Mathematics for Machine Learning: Linear Algebra,https://www.classcentral.com/course/linear-algebra-machine-learning-10453
Mathematics Courses,Hypothesis Testing in Public Health ,https://www.classcentral.com/course/hypothesis-testing-public-health-12760
Mathematics Courses,Summary Statistics in Public Health ,https://www.classcentral.com/course/summary-statistics-12762
Mathematics Courses,Multiple Regression Analysis in Public Health ,https://www.classcentral.com/course/multiple-regression-analysis-public-heal-12765
Mathematics Courses,Linear Algebra,https://www.classcentral.com/course/youtube-mathematics-linear-algebra-47548/classroom
Mathematics Courses,Introduction to Information Theory,https://www.classcentral.com/course/complexity-explorer-introduction-to-information-theory-11488
Mathematics Courses,Multivariable calculas,https://www.classcentral.com/course/youtube-multivariable-calculas-47843/classroom
Mathematics Courses,Probability and Statistics,https://www.classcentral.com/course/youtube-core-probability-and-statistics-47639/classroom
Mathematics Courses,Mathematics - Probability and Statistics,https://www.classcentral.com/course/youtube-mathematics-probability-and-statistics-47584/classroom
Mathematics Courses,Probability Foundation for Electrical Engineers,https://www.classcentral.com/course/youtube-electrical-probability-foundation-for-electrical-engineers-47547/classroom
Mathematics Courses,Introduction to probability and Statistics,https://www.classcentral.com/course/youtube-introduction-to-probability-and-statistics-47427/classroom
Mathematics Courses,Calculus of One Real Variable,https://www.classcentral.com/course/youtube-calculus-of-one-real-variable-47854/classroom
Mathematics Courses,Probability and Stochastics for finance,https://www.classcentral.com/course/youtube-probability-and-stochastics-for-finance-47889/classroom
Mathematics Courses,Advanced Matrix Theory and Linear Algebra for Engineers,https://www.classcentral.com/course/youtube-mathematics-advanced-matrix-theory-and-linear-algebra-for-engineers-47626/classroom
Mathematics Courses,Intro to Inferential Statistics,https://www.classcentral.com/course/udacity-intro-to-inferential-statistics-2310
Mathematics Courses,Basic Linear Algebra,https://www.classcentral.com/course/youtube-jan-2019-basic-linear-algebra-47510/classroom
Mathematics Courses,Computational Geometry,https://www.classcentral.com/course/youtube-computer-computational-geometry-47624/classroom
Mathematics Courses,Computational Geometry,https://www.classcentral.com/course/youtube-computational-geometry-47691/classroom
Mathematics Courses,Transform Calculus and Its Applications in Differential Equation,https://www.classcentral.com/course/youtube-noc-jan-2019-transform-calculus-and-its-applications-in-differential-equation-47356/classroom
Mathematics Courses,Calculus of Variations and Integral Equations,https://www.classcentral.com/course/youtube-mathematics-calculus-of-variations-and-integral-equations-47612/classroom
Mathematics Courses,Integral and Vector Calculus,https://www.classcentral.com/course/youtube-noc-jan-2019-integral-and-vector-calculus-47357/classroom
Mathematics Courses,"Basic Algebraic Geometry : Varieties, Morphisms, Local Rings, Function Fields and Nonsingularity",https://www.classcentral.com/course/youtube-mathematics-basic-algebraic-geometry-nonsingularity-47525/classroom
Mathematics Courses,Nonlinear Dynamics and Chaos,https://www.classcentral.com/course/youtube-nonlinear-dynamics-and-chaos-steven-strogatz-cornell-university-53089/classroom
Mathematics Courses,Modern Algebra,https://www.classcentral.com/course/youtube-modern-algebra-47880/classroom
Mathematics Courses,Linear Regression Analysis and Forecasting,https://www.classcentral.com/course/youtube-linear-regression-analysis-and-forecasting-47783/classroom
Mathematics Courses,Probability and Statistics,https://www.classcentral.com/course/youtube-probability-and-statistics-47803/classroom
Mathematics Courses,Introduction to Geometry,https://www.classcentral.com/course/edx-introduction-to-geometry-2527
Mathematics Courses,An introduction to smooth manifolds.,https://www.classcentral.com/course/youtube-an-introduction-to-smooth-manifolds-47486/classroom
Mathematics Courses,Differential calculus in several variables,https://www.classcentral.com/course/youtube-differential-calculus-in-several-variables-47886/classroom
Mathematics Courses,Linear Algebra,https://www.classcentral.com/course/youtube-linear-algebra-47785/classroom
Mathematics Courses,Linear Algebra,https://www.classcentral.com/course/youtube-linear-algebra-47313/classroom
Mathematics Courses,Algebra 1,https://www.classcentral.com/course/youtube-algebra-1-47386/classroom
Mathematics Courses,Advanced Probability Theory,https://www.classcentral.com/course/youtube-advanced-probability-theory-47693/classroom
Mathematics Courses,Applied Linear Algebra,https://www.classcentral.com/course/youtube-applied-linear-algebra-47373/classroom
Mathematics Courses,Introduction to Algebraic Geometry and Commutative Algebra,https://www.classcentral.com/course/youtube-introduction-to-algebraic-geometry-and-commutative-algebra-47488/classroom
Mathematics Courses,Commutative Algebra,https://www.classcentral.com/course/youtube-jan-2019-commutative-algebra-47511/classroom
Mathematics Courses,Basic Calculus 1 and 2,https://www.classcentral.com/course/youtube-basic-calculus-1-and-2-47311/classroom
Mathematics Courses,Computational Commutative Algebra,https://www.classcentral.com/course/youtube-computational-commutative-algebra-47385/classroom
Mathematics Courses,Vector Calculus for Engineers,https://www.classcentral.com/course/youtube-vector-calculus-for-engineers-54534/classroom
Mathematics Courses,Math in Real Life,https://www.classcentral.com/course/youtube-math-in-real-life-53411/classroom
Mathematics Courses,Math of the impossible,https://www.classcentral.com/course/youtube-math-of-the-impossible-53396/classroom
Mathematics Courses,Statistical Rethinking,https://www.classcentral.com/course/youtube-statistical-rethinking-winter-2019-53066/classroom
Mathematics Courses,Functions Class 12 IIT JEE Mathematics,https://www.classcentral.com/course/youtube-functions-playlist-class-12-unacademy-jee-live-daily-iit-jee-mathematics-sameer-chincholikar-54315/classroom
Mathematics Courses,Trigonometry Class 11 IIT JEE Mathematics,https://www.classcentral.com/course/youtube-trigonometry-playlist-class-11-unacademy-jee-trig-54314/classroom
Mathematics Courses,Matrices & Determinants Class 12 IIT JEE Mathematics,https://www.classcentral.com/course/youtube-matrices-determinants-playlist-class-12-unacademy-jee-54311/classroom
Mathematics Courses,"Limits, Continuity & Differentiability Class 12 IIT JEE Mathematics",https://www.classcentral.com/course/youtube-limits-continuity-differentiability-playlist-class-12-maths-54308/classroom
Mathematics Courses,Permutation & Combination Class 11 IIT JEE Mathematics,https://www.classcentral.com/course/youtube-permutation-combination-unacademy-jee-54312/classroom
Mathematics Courses,Indefinite Integration Class 12 IIT JEE Mathematics,https://www.classcentral.com/course/youtube-indefinite-integration-playlist-class-12-math-54317/classroom
Mathematics Courses,Intro Algebra Review,https://www.classcentral.com/course/udacity-intro-algebra-review-2666
Mathematics Courses,Precalculus: Relations and Functions,https://www.classcentral.com/course/precalculus-relations-functions-21858
Mathematics Courses,Calculus through Data & Modeling: Precalculus Review,https://www.classcentral.com/course/calculus-through-data-and-modelling-precalculus-r-27987
Mathematics Courses,Precalculus: Mathematical Modeling,https://www.classcentral.com/course/precalculus-mathematical-modelling-21860
Mathematics Courses,Precalculus: Periodic Functions,https://www.classcentral.com/course/precalculus-periodic-functions-21859
Mathematics Courses,What are the Chances? Probability and Uncertainty in Statistics,https://www.classcentral.com/course/chances-probability-uncertainty-statistics-22209
Mathematics Courses,Calculus through Data & Modeling: Limits & Derivatives,https://www.classcentral.com/course/calculus-through-data-and-modelling-imits-derivat-27983
Mathematics Courses,Calculus through Data & Modeling: Differentiation Rules,https://www.classcentral.com/course/calculus-through-data-and-modelling-differentiati-27984
Mathematics Courses,Calculus through Data & Modeling: Applying Differentiation,https://www.classcentral.com/course/calculus-through-data-and-modelling-applying-diff-27982
Mathematics Courses,College Algebra and Problem Solving,https://www.classcentral.com/course/edx-college-algebra-and-problem-solving-4065
Mathematics Courses,Statistics for Business – I,https://www.classcentral.com/course/edx-statistics-for-business-i-3640
Mathematics Courses,Causal Inference,https://www.classcentral.com/course/causal-inference-12136
Mathematics Courses,Causal Inference  2,https://www.classcentral.com/course/causal-inference-2-13095
Mathematics Courses,Linear Algebra IV: Orthogonality & Symmetric Matrices and the SVD,https://www.classcentral.com/course/edx-linear-algebra-iv-orthogonality-symmetric-matrices-and-the-svd-20934
Mathematics Courses,Precalculus,https://www.classcentral.com/course/edx-precalculus-8489
Mathematics Courses,Statistics by CrashCourse,https://www.classcentral.com/course/youtube-statistics-45832/classroom
Mathematics Courses,18.03x Differential Equations,https://www.classcentral.com/course/mitx-1803x-differential-equations-18498
Mathematics Courses,18.01x Single Variable Calculus,https://www.classcentral.com/course/mitx-1801x-single-variable-calculus-18499
Mathematics Courses,Statistics,https://www.classcentral.com/course/udacity-statistics-631
Mathematics Courses,Statistics: Unlocking the World of Data,https://www.classcentral.com/course/edx-statistics-unlocking-the-world-of-data-7508
Mathematics Courses,Discovery Precalculus: A Creative and Connected Approach,https://www.classcentral.com/course/edx-discovery-precalculus-a-creative-and-connected-approach-2537
Mathematics Courses,Métodos numéricos para matemáticas con Octave,https://www.classcentral.com/course/edx-metodos-numericos-para-matematicas-con-octave-13855
Mathematics Courses,Pre-University Calculus,https://www.classcentral.com/course/edx-pre-university-calculus-2534
Mathematics Courses,Probability and Statistics I:  A Gentle Introduction to Probability,https://www.classcentral.com/course/edx-probability-and-statistics-i-a-gentle-introduction-to-probability-20610
Mathematics Courses,Linear Algebra I: Linear Equations,https://www.classcentral.com/course/edx-linear-algebra-i-linear-equations-20958
Mathematics Courses,Probability and Statistics III:  A Gentle Introduction to Statistics,https://www.classcentral.com/course/edx-probability-and-statistics-iii-a-gentle-introduction-to-statistics-20609
Mathematics Courses,Linear Algebra II: Matrix Algebra,https://www.classcentral.com/course/edx-linear-algebra-ii-matrix-algebra-20932
Mathematics Courses,Probability and Statistics II:  Random Variables – Great Expectations to Bell Curves,https://www.classcentral.com/course/edx-probability-and-statistics-ii-random-variables-great-expectations-to-bell-curves-20608
Mathematics Courses,Probability and Statistics IV:  Confidence Intervals and Hypothesis Tests,https://www.classcentral.com/course/edx-probability-and-statistics-iv-confidence-intervals-and-hypothesis-tests-20607
Mathematics Courses,Linear Algebra III: Determinants and Eigenvalues,https://www.classcentral.com/course/edx-linear-algebra-iii-determinants-and-eigenvalues-20933
Mathematics Courses,Combinatorics and Probability,https://www.classcentral.com/course/combinatorics-2464
Mathematics Courses,Introduction to Enumerative Combinatorics,https://www.classcentral.com/course/enumerative-combinatorics-7774
Mathematics Courses,Mathematical Thinking in Computer Science,https://www.classcentral.com/course/what-is-a-proof-9212
Mathematics Courses,Introduction to Complex Analysis,https://www.classcentral.com/course/complex-analysis-6418
Mathematics Courses,Policy Analysis Using Interrupted Time Series,https://www.classcentral.com/course/edx-policy-analysis-using-interrupted-time-series-3345
Mathematics Courses,Abstract Algebra,https://www.classcentral.com/course/youtube-abstract-algebra-45670/classroom
Mathematics Courses,Algèbre Linéaire (Partie 1),https://www.classcentral.com/course/edx-algebre-lineaire-partie-1-3852
Mathematics Courses,Functions and Iterations,https://www.classcentral.com/course/complexity-explorer-functions-and-iterations-11476
Mathematics Courses,Random Walks,https://www.classcentral.com/course/complexity-explorer-random-walks-11487
Mathematics Courses,Complex Analysis,https://www.classcentral.com/course/edx-complex-analysis-21574
Mathematics Courses,Introduction to Graph Theory,https://www.classcentral.com/course/graphs-9213
Mathematics Courses,Statistics Fundamentals,https://www.classcentral.com/course/youtube-statistics-fundamentals-45654/classroom
Mathematics Courses,Statistics for Business - II,https://www.classcentral.com/course/edx-statistics-for-business-ii-3638
Mathematics Courses,Discrete Math and Analyzing Social Graphs,https://www.classcentral.com/course/discrete-math-and-analyzing-social-graphs-17336
Mathematics Courses,Matrix Methods,https://www.classcentral.com/course/matrix-methods-13644
Mathematics Courses,Combinatorial Mathematics | 组合数学,https://www.classcentral.com/course/edx-combinatorial-mathematics-2552
Mathematics Courses,Applications of Linear Algebra Part 1,https://www.classcentral.com/course/edx-applications-of-linear-algebra-part-1-2821
Mathematics Courses,Algèbre Linéaire (Partie 3),https://www.classcentral.com/course/edx-algebre-lineaire-partie-3-4555
Mathematics Courses,Algèbre Linéaire (Partie 2),https://www.classcentral.com/course/edx-algebre-lineaire-partie-2-4521
Mathematics Courses,"Cours préparatoire: Fonctions Trigonométriques, Logarithmiques et Exponentielles",https://www.classcentral.com/course/edx-cours-preparatoire-fonctions-trigonometriques-logarithmiques-et-exponentielles-3241
Mathematics Courses,Ordinary Differential Equations,https://www.classcentral.com/course/complexity-explorer-ordinary-differential-equations-11478
Mathematics Courses,Vector and Matrix Algebra,https://www.classcentral.com/course/complexity-explorer-vector-and-matrix-algebra-11489
Mathematics Courses,Statistics with Python,https://www.classcentral.com/course/statistics-with-python-18753
Mathematics Courses,Game Theory II- Dynamic Games,https://www.classcentral.com/course/complexity-explorer-game-theory-ii-dynamic-games-11492
Mathematics Courses,Experimental Design Basics,https://www.classcentral.com/course/introduction-experimental-design-basics-20402
Mathematics Courses,Factorial and Fractional Factorial Designs,https://www.classcentral.com/course/factorial-fractional-factorial-designs-20404
Mathematics Courses,"Response Surfaces, Mixtures, and Model Building",https://www.classcentral.com/course/response-surfaces-mixtures-model-building-20405
Mathematics Courses,"Random Models, Nested and Split-plot Designs",https://www.classcentral.com/course/random-models-nested-split-plot-designs-20403
Mathematics Courses,An Intuitive Introduction to Probability,https://www.classcentral.com/course/introductiontoprobability-7792
Mathematics Courses,Math behind Moneyball,https://www.classcentral.com/course/mathletics-4421
Mathematics Courses,"Introduction to Probability, Statistics, and Random Processes",https://www.classcentral.com/course/independent-introduction-to-probability-statistics-and-random-processes-2676
Mathematics Courses,"A-level Mathematics for Year 12 - Course 1: Algebraic Methods, Graphs and Applied Mathematics Methods",https://www.classcentral.com/course/edx-a-level-mathematics-for-year-12-course-1-algebraic-methods-graphs-and-applied-mathematics-methods-12873
Mathematics Courses,"A-level Mathematics for Year 12 - Course 2: Calculus, Newton’s Laws and Hypothesis Testing",https://www.classcentral.com/course/edx-a-level-mathematics-for-year-12-course-2-calculus-newton-s-laws-and-hypothesis-testing-13416
Mathematics Courses,Linear Regression in R for Public Health ,https://www.classcentral.com/course/linear-regression-r-public-health-13077
Mathematics Courses,Introduction to Statistics & Data Analysis in Public Health,https://www.classcentral.com/course/introduction-statistics-data-analysis-pu-13079
Mathematics Courses,Engineering Calculus and Differential Equations,https://www.classcentral.com/course/edx-engineering-calculus-and-differential-equations-12335
Mathematics Courses,Linear Regression for Business Statistics,https://www.classcentral.com/course/linear-regression-business-statistics-7041
Mathematics Courses,The Math of Data Science: Linear Algebra,https://www.classcentral.com/course/edx-the-math-of-data-science-linear-algebra-16917
Mathematics Courses,Ordinary Differential Equations and Linear Algebra - Part 1,https://www.classcentral.com/course/ordinary-differential-equations-and-linear-algebr-32219
Mathematics Courses,"Signals, Systems, and Learning",https://www.classcentral.com/course/edx-signals-systems-and-learning-20053
Mathematics Courses,Ordinary Differential Equations and Linear Algebra - Part 2,https://www.classcentral.com/course/ordinary-differential-equations-and-linear-algebr-33512
Mathematics Courses,Estadística aplicada a los negocios,https://www.classcentral.com/course/estadistica-aplicada-negocios-7079
Mathematics Courses,Bases Matemáticas: Integrales,https://www.classcentral.com/course/edx-bases-matematicas-integrales-2958
